{"cameraMode":{"drawMode":0,"name":"Shaded","section":"Shading Mode"},"sceneLighting":true,"audioPlay":false,"sceneViewState":{"showFog":true,"showMaterialUpdate":false,"showSkybox":true,"showFlares":true,"showImageEffects":true,"showParticleSystems":true},"in2DMode":false,"pivot":{"x":-317.6288146972656,"y":0.5024753212928772,"z":1.2260780334472657},"rotation":{"x":0.07173911482095719,"y":0.9173272848129273,"z":-0.19292676448822022,"w":0.3408832550048828},"size":1.759230613708496,"orthographic":false}