{"cameraMode":{"drawMode":0,"name":"Shaded","section":"Shading Mode"},"sceneLighting":true,"audioPlay":false,"sceneViewState":{"showFog":true,"showMaterialUpdate":false,"showSkybox":true,"showFlares":true,"showImageEffects":true,"showParticleSystems":true},"in2DMode":false,"pivot":{"x":-317.6288146972656,"y":0.5024753212928772,"z":1.2260780334472657},"rotation":{"x":-0.04172762483358383,"y":0.9566893577575684,"z":-0.22987870872020722,"w":-0.17379948496818543},"size":1.459230661392212,"orthographic":false}