{"cameraMode":{"drawMode":0,"name":"Shaded","section":"Shading Mode"},"sceneLighting":true,"audioPlay":false,"sceneViewState":{"showFog":true,"showMaterialUpdate":false,"showSkybox":true,"showFlares":true,"showImageEffects":true,"showParticleSystems":true},"in2DMode":false,"pivot":{"x":-317.6288146972656,"y":0.5024753212928772,"z":1.2260780334472657},"rotation":{"x":-0.09005793929100037,"y":0.8438988924026489,"z":-0.14994333684444428,"w":-0.50724858045578},"size":2.635664224624634,"orthographic":false}